CREATE TABLE PERSON(DRIVER_ID NUMBER PRIMARY KEY,NAME VARCHAR(30),ADDRESS VARCHAR(20));
INSERT INTO PERSON VALUES(1001,'ASHITOSH','PUNE');
INSERT INTO PERSON VALUES(1002,'SWAROOP','ROHA');
INSERT INTO PERSON VALUES(1003,'SUMEEN','URAN');
INSERT INTO PERSON VALUES(1004,'SHANTANU','NAGAR');
INSERT INTO PERSON VALUES(1005,'SAINATH','NANDED');

SELECT * FROM PERSON;

DRIVER_ID   NAME	ADDRESS
1002	    SWAROOP	ROHA
1003	    SUMEEN	URAN
1004	    SHANTANU	NAGAR
1005	    SAINATH	NANDED
1001	    ASHITOSH	PUNE


CREATE TABLE CAR(LICENSE VARCHAR(15) PRIMARY KEY,MODEL VARCHAR(15),YEAR NUMBER);

INSERT INTO CAR VALUES('SZM813','HONDA',2010);
INSERT INTO CAR VALUES('SZM814','AUDI',2017);
INSERT INTO CAR VALUES('SZM815','TOYOTA',2012);
INSERT INTO CAR VALUES('SZM816','HYUNDAI',2011);
INSERT INTO CAR VALUES('SZM817','BMW',2017);

SELECT *FROM CAR;
LICENSE	MODEL	YEAR
SZM813	HONDA	2010
SZM814	AUDI	2017
SZM815	TOYOTA	2012
SZM817	BMW	2017
SZM816	HYUNDAI	2011

CREATE TABLE ACCIDENT(REPORT_NO NUMBER PRIMARY KEY,DATE_ACC DATE,LOCATION VARCHAR(20));

INSERT INTO ACCIDENT VALUES(101,'04-06-2022','LONAVALA');
INSERT INTO ACCIDENT VALUES(102,'09-10-2022','THANE');
INSERT INTO ACCIDENT VALUES(103,'03-24-2023','MUMBAI');
INSERT INTO ACCIDENT VALUES(104,'04-15-2023','THANE');
INSERT INTO ACCIDENT VALUES(105,'12-07-2023','PUNE');

SELECT * FROM ACCIDENT;
REPORT_NO    DATE_ACC	 LOCATION
103	     03/24/2023	 MUMBAI
101	     04/06/2022	 LONAVALA
102	     09/10/2022	 THANE
104	     04/15/2023	 THANE
105	     12/07/2023	 PUNE

CREATE TABLE OWNS(DRIVER_ID INT PRIMARY KEY,LICENSE VARCHAR(15));

INSERT INTO OWNS VALUES(1001,'SZM813');
INSERT INTO OWNS VALUES(1002,'SZM814');
INSERT INTO OWNS VALUES(1003,'SZM816');
INSERT INTO OWNS VALUES(1004,'SZM817');
INSERT INTO OWNS VALUES(1005,'SZM815');

SELECT *FROM OWNS;
DRIVER_ID   LICENSE
1001	    SZM813
1002	    SZM814
1003	    SZM816
1004	    SZM817
1005	    SZM815

CREATE TABLE PARTICIPATED(DRIVER_ID NUMBER,MODEL VARCHAR(15),REPORT_NO NUMBER,DAMAGE_AMT NUMBER);

INSERT INTO PARTICIPATED VALUES(1001,'HONDA',101,20000);
INSERT INTO PARTICIPATED VALUES(1002,'AUDI',102,70000);
INSERT INTO PARTICIPATED VALUES(1003,'HYUNDAI',103,10000);
INSERT INTO PARTICIPATED VALUES(1004,'BMW',104,100000);
INSERT INTO PARTICIPATED VALUES(1005,'TOYOTA',105,30000);

SELECT *FROM PARTICIPATED;
DRIVER_ID   MODEL	REPORT_NO   DAMAGE_AMT
1001	    HONDA	101	   20000
1002	    AUDI	102	   70000
1003	    HYUNDAI	103	   10000
1004	    BMW	        104	   100000
1005	    TOYOTA	105	   30000

CREATE TABLE EMPLOYEE1(EMPLOYEE_NAME VARCHAR(20) PRIMARY KEY,STREET VARCHAR(15),CITY VARCHAR(15));

INSERT INTO EMPLOYEE1 VALUES('SURAJ','FC','PUNE');
INSERT INTO EMPLOYEE1 VALUES('RUPESH','SR','MUMBAI');
INSERT INTO EMPLOYEE1 VALUES('KALPESH','CG','MUMBAI');
INSERT INTO EMPLOYEE1 VALUES('OM','FC','PUNE');

SELECT * FROM EMPLOYEE1;
EMPLOYEE_NAME	STREET	CITY
OM	        FC	PUNE
SURAJ	        FC	PUNE
RUPESH	        SR	MUMBAI
KALPESH	        CG	MUMBAI

CREATE TABLE WORKS(EMPLOYEE_NAME VARCHAR(20) ,COMPANY_NAME VARCHAR(10),SALARY NUMBER);

INSERT INTO WORKS VALUES('SURAJ','AMAZON',1200000);
INSERT INTO WORKS VALUES('KALPESH','INFOSYS',1500000);
INSERT INTO WORKS VALUES('RUPESH','ACCENTURE',1100000);
INSERT INTO WORKS VALUES('OM','TCS',1200000);

SELECT * FROM WORKS;
EMPLOYEE_NAME	COMPANY_NAME	SALARY
SURAJ	        AMAZON	        1200000
KALPESH	        INFOSYS	        1500000
RUPESH	        ACCENTURE	1100000
OM	        TCS	        1200000


CREATE TABLE COMPANY(COMPANY_NAME VARCHAR(20) PRIMARY KEY,CITY VARCHAR(10));

INSERT INTO COMPANY VALUES('AMAZON','MUMBAI');
INSERT INTO COMPANY VALUES('INFOSYS','PUNE');
INSERT INTO COMPANY VALUES('ACCENTURE','MUMBAI');
INSERT INTO COMPANY VALUES('TCS','PUNE');

SELECT * FROM COMPANY;
COMPANY_NAME	CITY
AMAZON	        MUMBAI
INFOSYS	        PUNE
ACCENTURE	MUMBAI
TCS	        PUNE

ALTER TABLE WORKS ADD CONSTRAINT FK1 FOREIGN KEY(COMPANY_NAME) REFERENCES COMPANY(COMPANY_NAME));

CREATE TABLE MANAGES(EMPLOYEE_NAME VARCHAR(20) REFERENCES EMPLOYEE1(EMPLOYEE_NAME),MANAGER_NAME VARCHAR(10));

INSERT INTO MANAGES VALUES('SURAJ','PRANAV');
INSERT INTO MANAGES VALUES('KALPESH','SOURABH');
INSERT INTO MANAGES VALUES('RUPESH','ASHITOSH');
INSERT INTO MANAGES VALUES('OM','RITESH');

SELECT *FROM MANAGES;
EMPLOYEE_NAME	MANAGER_NAME
SURAJ	        PRANAV
KALPESH	        SOURABH
RUPESH	        ASHITOSH
OM	        RITESH

CREATE VIEW V2 AS SELECT EMPLOYEE_NAME,COMPANY_NAME FROM WORKS;

SELECT *FROM V2;
EMPLOYEE_NAME	COMPANY_NAME
SURAJ	        AMAZON
KALPESH	        INFOSYS
RUPESH	        ACCENTURE
OM	        TCS

CREATE INDEX INX1 ON EMPLOYEE1(CITY);
CREATE INDEX INX2 ON PARTICIPATED(DRIVER_ID);

CREATE SEQUENCE S1 INCREMENT BY 1 START WITH 10 MAXVALUE 100;

SELECT *FROM PERSON;
DRIVER_ID    NAME	ADDRESS
1002	     SWAROOP	ROHA
1003	     SUMEEN	URAN
1004	     SHANTANU	NAGAR
1005	     SAINATH	NANDED
1001	     ASHITOSH	PUNE

INSERT INTO PERSON(DRIVER_ID) VALUES(S1.NEXTVAL);
SELECT *FROM PERSON;
DRIVER_ID    NAME	ADDRESS
1002	     SWAROOP	ROHA
10	     - 	        -
1003	     SUMEEN	URAN
1004	     SHANTANU	NAGAR
1005	     SAINATH	NANDED
1001	     ASHITOSH	PUNE

CREATE SYNONYM S2_PART FOR PARTICIPATED;

SELECT * FROM S2_PART;
DRIVER_ID	MODEL	REORT_NO	DAMAGE_AMT
1001	        HONDA	101	        20000
1002	        AUDI	102	        70000
1003	        HYUNDAI	103	        10000
1004	        BMW	104	        100000
1005	        TOYOTA	105	        30000

UPDATE S2_PART SET DAMAGE_AMT=40000 WHERE MODEL='AUDI';

SELECT * FROM S2_PART;
\DRIVER_ID	MODEL	REORT_NO	DAMAGE_AMT
1001	        HONDA	101	        20000
1002	        AUDI	102	        40000
1003	        HYUNDAI	103	        10000
1004	        BMW	104	        100000
1005	        TOYOTA	105	        30000

SELECT * FROM PARTICIPATED;
DRIVER_ID	MODEL	REORT_NO	DAMAGE_AMT
1001	        HONDA	101	        20000
1002	        AUDI	102	        70000
1003	        HYUNDAI	103	        10000
1004	        BMW	104	        100000
1005	        TOYOTA	105	        30000

CREATE SYNONYM S1_COMPANY FOR COMPANY;
UPDATE S1_COMPANY SET CITY='BANGLORE' WHERE COMPANY_NAME='AMAZON';

SELECT * FROM S1_COMPANY;
COMPANY_NAME	CITY
AMAZON	        BANGLORE
INFOSYS	        PUNE
ACCENTURE	MUMBAI
TCS	        PUNE

SELECT * FROM COMPANY;
COMPANY_NAME	CITY
AMAZON	        BANGLORE
INFOSYS	        PUNE
ACCENTURE	MUMBAI
TCS	        PUNE